Age,Height,Gender,City,Income,Color
,151.6,Female,New York,71362.53,Green
76.9,181.8,Male,Tokyo,26731.2,Green
63.4,165.7,Male,Tokyo,32930.3,Green
55.1,175.4,Male,Paris,91884.34,Red
27.7,195.4,Other,London,68514.32,Blue
27.7,162.5,Other,Tokyo,20735.76,Red
21.6,170.5,Other,New York,28117.72,Blue
71.7,187.8,Male,,73080.14,Red
55.3,161.4,Female,Paris,20404.93,Blue
61.9,153.8,Male,,32864.64,Green
19.3,164.5,Male,Sydney,63898.7,Red
,158.1,Female,London,75351.62,Green
,196.5,Male,Paris,72156.9,Blue
31.2,190.4,Male,New York,37941.54,Blue
29.3,181.7,Female,Sydney,76974.34,Green
29.4,193.6,Female,Sydney,38979.93,Green
36.9,190.2,Male,London,46031.98,Blue
50.5,159.3,Female,Tokyo,79719.31,Green
44.8,194.6,Other,Tokyo,71970.63,Red
36.1,177.0,Male,New York,87937.87,Red
55.9,190.4,Other,Tokyo,72609.03,Green
26.6,194.8,Other,Paris,65464.69,Blue
36.1,165.9,Female,,27493.98,Blue
40.7,155.5,Male,Paris,49417.26,Green
46.3,161.4,Other,,41216.19,Red
66.7,171.4,Female,London,39519.17,Blue
30.4,190.9,Male,New York,97840.84,Blue
49.9,193.0,Male,Sydney,51447.82,Green
54.7,150.3,Other,Sydney,91363.72,Red
20.9,175.5,Female,Sydney,70491.09,Green
55.7,170.9,Other,London,83584.9,Red
28.6,161.1,Other,New York,60210.97,Red
,156.0,Female,Sydney,66152.31,Blue
76.8,166.9,Other,Sydney,59401.42,Green
,197.1,Female,,35619.44,Red
,166.2,Female,Paris,77796.17,Red
36.9,175.9,Other,,42461.79,Green
24.1,185.2,Female,Tokyo,21945.28,Red
60.4,168.2,Other,Tokyo,71637.78,Blue
,198.6,Female,,34168.85,Blue
25.6,198.1,Other,,95236.69,Blue
48.7,162.6,Male,Paris,96314.29,Blue
20.1,174.9,Male,London,93189.15,Blue
74.4,165.0,Male,Sydney,49612.7,Green
34.0,164.2,Male,Paris,21236.53,Red
59.1,151.8,Male,London,94265.49,Green
37.3,180.5,Male,Paris,54254.73,Red
,175.1,Male,Tokyo,97332.39,Blue
51.9,152.6,Female,London,97089.6,Green
29.5,163.9,Female,,88240.76,Red
78.1,195.4,Female,Sydney,43555.91,Red
66.1,162.0,Male,Tokyo,50807.82,Green
76.2,157.2,Male,Paris,88090.93,Red
73.5,174.5,Other,Paris,45353.76,Blue
,199.3,Female,New York,33559.42,Green
75.2,162.1,Female,London,64544.1,Green
,183.6,Male,,94892.38,Red
30.2,188.1,Other,Paris,75682.38,Red
20.8,161.9,Male,,65604.89,Red
38.2,186.4,Female,London,27774.12,Green
42.1,168.4,Other,New York,69200.58,Green
34.8,181.6,Female,Tokyo,99204.31,Green
69.4,181.7,Female,London,31206.72,Blue
40.1,176.8,Other,Sydney,61466.37,Red
35.4,154.5,Other,Sydney,90189.85,Green
51.6,191.8,Other,New York,79261.49,Green
26.7,166.0,Male,London,75761.26,Blue
67.7,159.3,Male,Tokyo,76198.73,Green
22.6,152.0,Male,London,48759.29,Blue
,179.5,Male,New York,43487.35,Red
65.9,183.9,Male,,84748.89,Green
,150.8,Other,Paris,84809.07,Red
,175.6,Other,,89365.79,Blue
68.6,161.3,Male,Tokyo,93059.24,Green
,182.3,Female,Sydney,60907.39,Red
63.2,158.7,Female,New York,60121.3,Red
65.8,184.5,Other,,83863.61,Red
,169.3,Female,Paris,71997.11,Blue
40.2,196.8,Male,Paris,76157.35,Red
25.2,156.9,Male,Paris,83663.41,Blue
71.5,167.1,Female,Tokyo,91200.43,Green
56.6,155.7,Male,Tokyo,47039.61,Red
38.5,196.2,Female,Sydney,50046.64,Blue
21.9,193.9,Other,New York,27518.56,Red
37.3,162.9,Female,Paris,66262.41,Blue
38.2,183.0,Male,London,22875.38,Green
63.2,190.9,Other,,57247.84,Green
57.5,177.8,Female,London,63411.57,Red
73.0,176.5,Male,New York,42923.3,Blue
47.3,162.1,Male,Paris,67266.66,Red
25.4,154.7,Male,Paris,22440.02,Red
62.2,194.9,Female,London,22987.86,Green
65.2,195.0,Other,London,85808.04,Blue
52.8,181.7,Female,Sydney,48815.25,Red
65.8,167.0,Male,Paris,30164.84,Green
48.6,167.5,Female,Sydney,61779.46,Blue
50.4,186.3,Other,Paris,81599.48,Blue
44.5,194.9,Female,,37265.68,Red
19.6,194.4,Other,Sydney,69831.24,Red
24.7,189.0,Other,Sydney,26827.8,Green
